{"offline-training/actor_loss": 75.20819091796875, "_timestamp": 1685754526.5110962, "offline-training/critic_loss": 229.29385375976562, "offline-training/entropy": -12.635790824890137, "offline-training/q": -59.69755935668945, "offline-training/temperature": 1.1597708463668823, "offline-training/temperature_loss": -12.914965629577637, "_runtime": 66.37022829055786, "_step": 1000, "training/actor_loss": 81.42567443847656, "training/critic_loss": 162.13059997558594, "training/entropy": -17.24204444885254, "training/q": -62.188232421875, "training/temperature": 1.181216835975647, "training/temperature_loss": -18.594768524169922, "_wandb": {"runtime": 127}}