{"offline-training/actor_loss": 326.21771240234375, "_timestamp": 1685849459.5917995, "offline-training/critic_loss": 130523.4765625, "offline-training/entropy": -308.51287841796875, "offline-training/q": 6.3736066818237305, "offline-training/temperature": 1.0, "offline-training/temperature_loss": -307.01287841796875, "_runtime": 4027.496384382248, "_step": 11000, "training/return": 3102.120849609375, "training/length": 199, "training/time": 928.076823, "training/actor_loss": -145.39321899414062, "training/critic_loss": 863.4193115234375, "training/entropy": 1.6946659088134766, "training/q": 138.13262939453125, "training/temperature": 4.684943675994873, "training/temperature_loss": 14.966830253601074, "_wandb": {"runtime": 4497}}