{"offline-training/actor_loss": -1037.922119140625, "_timestamp": 1685513995.366312, "offline-training/critic_loss": 337659.71875, "offline-training/entropy": -1.0890721082687378, "offline-training/q": 1018.0875244140625, "offline-training/temperature": 1.676681637763977, "offline-training/temperature_loss": 0.6889952421188354, "_runtime": 1006.1932089328766, "_step": 18000, "training/actor_loss": -913.9723510742188, "training/critic_loss": 188343.25, "training/entropy": -1.3953557014465332, "training/q": 908.7760009765625, "training/temperature": 0.8426746129989624, "training/temperature_loss": 0.08818109333515167, "_wandb": {"runtime": 1030}}