{"offline-training/actor_loss": -23148.7578125, "_timestamp": 1685740522.7367165, "offline-training/critic_loss": 755120.25, "offline-training/entropy": -1.410257339477539, "offline-training/q": 22521.140625, "offline-training/temperature": 47.17539978027344, "offline-training/temperature_loss": 4.233645915985107, "_runtime": 3761.846840620041, "_step": 99900, "_wandb": {"runtime": 12077}}