{"offline-training/actor_loss": -24171.111328125, "_timestamp": 1685740519.1925285, "offline-training/critic_loss": 3668105.0, "offline-training/entropy": -1.3276375532150269, "offline-training/q": 23668.830078125, "offline-training/temperature": 47.0666389465332, "offline-training/temperature_loss": 8.112521171569824, "_runtime": 3758.3026525974274, "_step": 99800}