{"offline-training/actor_loss": 92.79519653320312, "_timestamp": 1685757160.802108, "offline-training/critic_loss": 95.0003662109375, "offline-training/entropy": 1.6790478229522705, "offline-training/q": -105.00871276855469, "offline-training/temperature": 5.377521991729736, "offline-training/temperature_loss": 17.095399856567383, "_runtime": 997.9823110103607, "_step": 11900, "training/actor_loss": -69.06449890136719, "training/critic_loss": 126.72966766357422, "training/entropy": 1.4983699321746826, "training/q": 63.383941650390625, "training/temperature": 3.4421474933624268, "training/temperature_loss": 10.320831298828125, "training/return": 1741.6884765625, "training/length": 110, "training/time": 877.452157, "_wandb": {"runtime": 1027}}