{"offline-training/actor_loss": 45.7545051574707, "_timestamp": 1685753509.1595714, "offline-training/critic_loss": 364.3306884765625, "offline-training/entropy": -11.015783309936523, "offline-training/q": -34.13133239746094, "offline-training/temperature": 1.127009630203247, "offline-training/temperature_loss": -10.724379539489746, "_runtime": 315.9390194416046, "_step": 1900, "training/actor_loss": 9.981456756591797, "training/critic_loss": 86.03253173828125, "training/entropy": -0.6639904975891113, "training/q": -9.355527877807617, "training/temperature": 1.2331589460372925, "training/temperature_loss": 1.0309325456619263, "_wandb": {"runtime": 331}}