{"offline-training/actor_loss": 59.48672866821289, "_timestamp": 1685655317.783645, "offline-training/critic_loss": 111.04938507080078, "offline-training/entropy": -1.328383207321167, "offline-training/q": -65.01911926269531, "offline-training/temperature": 0.9205531477928162, "offline-training/temperature_loss": 0.15798237919807434, "_runtime": 1419.4566338062286, "_step": 7000, "training/actor_loss": 6789.263671875, "training/critic_loss": 5329678.5, "training/entropy": -4.0038933753967285, "training/q": -6829.11376953125, "training/temperature": 3.2080397605895996, "training/temperature_loss": -8.03258991241455, "_wandb": {"runtime": 2347}}