{"offline-training/actor_loss": 1984.953369140625, "_timestamp": 1685601629.1360707, "offline-training/critic_loss": 538.953857421875, "offline-training/entropy": -7.66564416885376, "offline-training/q": -1985.3427734375, "offline-training/temperature": 0.7078285217285156, "offline-training/temperature_loss": -4.364218711853027, "_runtime": 442.0379877090454, "_step": 6000, "training/actor_loss": 3287.255126953125, "training/critic_loss": 89811.8203125, "training/entropy": -5.63437557220459, "training/q": -3294.51171875, "training/temperature": 0.9850001335144043, "training/temperature_loss": -4.072360515594482, "_wandb": {"runtime": 453}}