{"offline-training/actor_loss": -576680.4375, "_timestamp": 1685667697.147728, "offline-training/critic_loss": 16937828.0, "offline-training/entropy": -1.5545241832733154, "offline-training/q": 575055.625, "offline-training/temperature": 173.24024963378906, "offline-training/temperature_loss": -9.445782661437988, "_runtime": 2894.448371887207, "_step": 28000, "training/actor_loss": -140431.03125, "training/critic_loss": 934514048.0, "training/entropy": -0.8434401750564575, "training/q": 140066.828125, "training/temperature": 69.69397735595703, "training/temperature_loss": 45.75826644897461, "_wandb": {"runtime": 3126}}