{"offline-training/actor_loss": 77.70235443115234, "_timestamp": 1685755071.65818, "offline-training/critic_loss": 329.1171569824219, "offline-training/entropy": -14.894386291503906, "offline-training/q": -60.697933197021484, "offline-training/temperature": 1.1559312343597412, "offline-training/temperature_loss": -15.482989311218262, "_runtime": 362.4908061027527, "_step": 2000, "training/actor_loss": 67.45174407958984, "training/critic_loss": 311.3736877441406, "training/entropy": -10.740617752075195, "training/q": -51.84808349609375, "training/temperature": 1.4257762432098389, "training/temperature_loss": -13.175053596496582, "training/return": 2675.410400390625, "training/length": 328, "training/time": 352.755772, "_wandb": {"runtime": 420}}