{"offline-training/actor_loss": -2.01294207572937, "_timestamp": 1685483666.9934342, "offline-training/critic_loss": 350813.3125, "offline-training/entropy": 1.95358145236969, "offline-training/q": -0.043759219348430634, "offline-training/temperature": 1.0, "offline-training/temperature_loss": 3.4535813331604004, "_runtime": 16.615008115768433, "_step": 0, "_wandb": {"runtime": 291}}