{"offline-training/actor_loss": -2.018359661102295, "_timestamp": 1685489969.6606014, "offline-training/critic_loss": 338522.625, "offline-training/entropy": 1.9620853662490845, "offline-training/q": -0.04598204046487808, "offline-training/temperature": 1.0, "offline-training/temperature_loss": 3.462085247039795, "_runtime": 15.116539478302002, "_step": 0, "_wandb": {"runtime": 972}}