{"offline-training/actor_loss": -2.015120029449463, "_timestamp": 1685134421.5408287, "offline-training/critic_loss": 340598.0625, "offline-training/entropy": 1.959632396697998, "offline-training/q": -0.04443705081939697, "offline-training/temperature": 1.0, "offline-training/temperature_loss": 3.459632396697998, "_runtime": 15.902139663696289, "_step": 0, "_wandb": {"runtime": 1020}}