{"offline-training/actor_loss": 64.27554321289062, "_timestamp": 1685753142.5702305, "offline-training/critic_loss": 450.2936096191406, "offline-training/entropy": -13.977989196777344, "offline-training/q": -47.796112060546875, "offline-training/temperature": 1.1589633226394653, "offline-training/temperature_loss": -14.461531639099121, "_runtime": 233.8431634902954, "_step": 1300, "training/actor_loss": 59.6798095703125, "training/critic_loss": 668.267822265625, "training/entropy": -11.31192398071289, "training/q": -45.195560455322266, "training/temperature": 1.2336735725402832, "training/temperature_loss": -12.104711532592773, "_wandb": {"runtime": 260}}