{"offline-training/actor_loss": -2.0068910121917725, "_timestamp": 1685134327.0238976, "offline-training/critic_loss": 369376.40625, "offline-training/entropy": 1.9493582248687744, "offline-training/q": -0.04407111555337906, "offline-training/temperature": 1.0, "offline-training/temperature_loss": 3.4493582248687744, "_runtime": 16.292426586151123, "_step": 0, "_wandb": {"runtime": 86}}