{"offline-training/actor_loss": -4231.9775390625, "_timestamp": 1685732612.844883, "offline-training/critic_loss": 226730.90625, "offline-training/entropy": -1.3994184732437134, "offline-training/q": 3871.015869140625, "offline-training/temperature": 22.346406936645508, "offline-training/temperature_loss": 2.247635841369629, "_runtime": 3371.9752068519592, "_step": 30000, "training/actor_loss": 19614.455078125, "training/critic_loss": 42412844.0, "training/entropy": -1.4814698696136475, "training/q": -19886.01171875, "training/temperature": 42.160316467285156, "training/temperature_loss": 0.7812361717224121, "_wandb": {"runtime": 7402}}