{"offline-training/actor_loss": 327.98345947265625, "_timestamp": 1685854571.2067735, "offline-training/critic_loss": 130744.359375, "offline-training/entropy": -309.6537170410156, "offline-training/q": 6.146203994750977, "offline-training/temperature": 1.0, "offline-training/temperature_loss": -308.1537170410156, "_runtime": 4107.524112462997, "_step": 11000, "training/return": 416.87274169921875, "training/length": 15, "training/time": 4100.468667, "training/actor_loss": -400.2628173828125, "training/critic_loss": 1463.666015625, "training/entropy": -0.4697000980377197, "training/q": 399.1929931640625, "training/temperature": 1.2252687215805054, "training/temperature_loss": 1.2623941898345947, "_wandb": {"runtime": 4640}}