{"offline-training/actor_loss": 1925.4385986328125, "_timestamp": 1685661102.9180677, "offline-training/critic_loss": 6063159.0, "offline-training/entropy": -15.717676162719727, "offline-training/q": -1931.171875, "offline-training/temperature": 1.2117568254470825, "offline-training/temperature_loss": -17.22836685180664, "_runtime": 883.3804225921631, "_step": 5000, "training/actor_loss": 408383.03125, "training/critic_loss": 500873482469376.0, "training/entropy": -393977.75, "training/q": 505280.59375, "training/temperature": 2.1638574600219727, "training/temperature_loss": -852508.4375}