{"offline-training/actor_loss": 1925.4385986328125, "_timestamp": 1685661646.4523807, "offline-training/critic_loss": 6063159.0, "offline-training/entropy": -15.717676162719727, "offline-training/q": -1931.171875, "offline-training/temperature": 1.2117568254470825, "offline-training/temperature_loss": -17.22836685180664, "_runtime": 1426.9147355556488, "_step": 7000, "training/actor_loss": 10217.509765625, "training/critic_loss": 14979603.0, "training/entropy": -17.326313018798828, "training/q": -10292.572265625, "training/temperature": 2.3282294273376465, "training/temperature_loss": -36.847286224365234, "_wandb": {"runtime": 1972}}