{"offline-training/actor_loss": -2.0095815658569336, "_timestamp": 1685135452.1805, "offline-training/critic_loss": 346376.1875, "offline-training/entropy": 1.9563281536102295, "offline-training/q": -0.05174887925386429, "offline-training/temperature": 1.0, "offline-training/temperature_loss": 3.4563281536102295, "_runtime": 16.77266001701355, "_step": 0, "_wandb": {"runtime": 262}}