{"offline-training/actor_loss": -2.0179944038391113, "_timestamp": 1685484076.121875, "offline-training/critic_loss": 304975.125, "offline-training/entropy": 1.9617761373519897, "offline-training/q": -0.04696023464202881, "offline-training/temperature": 1.0, "offline-training/temperature_loss": 3.4617762565612793, "_runtime": 15.446891069412231, "_step": 0, "_wandb": {"runtime": 410}}