{"offline-training/actor_loss": -2.0089898109436035, "_timestamp": 1685485111.7533925, "offline-training/critic_loss": 402069.5625, "offline-training/entropy": 1.954324722290039, "offline-training/q": -0.04826578497886658, "offline-training/temperature": 1.0, "offline-training/temperature_loss": 3.454324722290039, "_runtime": 16.368847370147705, "_step": 0, "_wandb": {"runtime": 183}}