{"offline-training/actor_loss": -3357.50537109375, "_timestamp": 1685136765.868243, "offline-training/critic_loss": 2345701.25, "offline-training/entropy": -2.8469786643981934, "offline-training/q": 2054.22900390625, "offline-training/temperature": 17.349491119384766, "offline-training/temperature_loss": -23.369394302368164, "_runtime": 940.77485704422, "_step": 9000, "_wandb": {"runtime": 1056}}