{"offline-training/actor_loss": 1283.8338623046875, "_timestamp": 1685826537.3410776, "offline-training/critic_loss": 21558.037109375, "offline-training/entropy": -6.362437725067139, "offline-training/q": -1192.5443115234375, "offline-training/temperature": 16.872623443603516, "offline-training/temperature_loss": -82.04208374023438, "_runtime": 3493.6752536296844, "_step": 20000, "training/return": 6238.92041015625, "training/length": 494, "training/time": 3415.260237, "training/actor_loss": -201.09962463378906, "training/critic_loss": 165.9282684326172, "training/entropy": 1.6913365125656128, "training/q": 196.92855834960938, "training/temperature": 3.3462398052215576, "training/temperature_loss": 10.678977966308594, "_wandb": {"runtime": 3680}}