{"offline-training/actor_loss": -2.0014171600341797, "_timestamp": 1685599031.1753967, "offline-training/critic_loss": 338461.5625, "offline-training/entropy": 1.9514882564544678, "offline-training/q": -0.054201140999794006, "offline-training/temperature": 1.0, "offline-training/temperature_loss": 3.4514882564544678, "_runtime": 19.04936671257019, "_step": 0, "_wandb": {"runtime": 62}}