{"offline-training/actor_loss": -2.008333444595337, "_timestamp": 1685483966.064351, "offline-training/critic_loss": 346982.15625, "offline-training/entropy": 1.9544819593429565, "offline-training/q": -0.04854743555188179, "offline-training/temperature": 1.0, "offline-training/temperature_loss": 3.454482078552246, "_runtime": 15.069575071334839, "_step": 0, "_wandb": {"runtime": 103}}