{"offline-training/actor_loss": 335.9588317871094, "_timestamp": 1685850193.1205587, "offline-training/critic_loss": 125170.53125, "offline-training/entropy": -314.7821350097656, "offline-training/q": 3.2158868312835693, "offline-training/temperature": 1.0, "offline-training/temperature_loss": -313.2821350097656, "_runtime": 21.211439847946167, "_step": 0, "_wandb": {"runtime": 279}}