{"offline-training/actor_loss": 329.1466064453125, "_timestamp": 1685849985.2919562, "offline-training/critic_loss": 123010.9375, "offline-training/entropy": -313.2596435546875, "offline-training/q": 9.735544204711914, "offline-training/temperature": 1.0, "offline-training/temperature_loss": -311.7596435546875, "_runtime": 24.666346073150635, "_step": 0, "_wandb": {"runtime": 39}}