{"offline-training/actor_loss": -2.0242578983306885, "_timestamp": 1685484973.0598032, "offline-training/critic_loss": 354958.78125, "offline-training/entropy": 1.9695448875427246, "offline-training/q": -0.049720048904418945, "offline-training/temperature": 1.0, "offline-training/temperature_loss": 3.4695448875427246, "_runtime": 15.286819219589233, "_step": 0, "_wandb": {"runtime": 131}}