{"offline-training/actor_loss": -2.0185394287109375, "_timestamp": 1685512925.2867284, "offline-training/critic_loss": 344222.09375, "offline-training/entropy": 1.9621038436889648, "offline-training/q": -0.04689805954694748, "offline-training/temperature": 1.0, "offline-training/temperature_loss": 3.462103843688965, "_runtime": 87.46457529067993, "_step": 1100, "training/actor_loss": -580.0576782226562, "training/critic_loss": 146271.34375, "training/entropy": -2.2903058528900146, "training/q": 568.9970703125, "training/temperature": 1.1397910118103027, "training/temperature_loss": -0.9007834792137146, "_wandb": {"runtime": 128}}