{"offline-training/actor_loss": -2.012336015701294, "_timestamp": 1685484492.5047636, "offline-training/critic_loss": 318688.5625, "offline-training/entropy": 1.9573487043380737, "offline-training/q": -0.04726909101009369, "offline-training/temperature": 1.0, "offline-training/temperature_loss": 3.4573488235473633, "_runtime": 15.310556650161743, "_step": 0, "_wandb": {"runtime": 112}}