{"offline-training/actor_loss": -2.0099449157714844, "_timestamp": 1685484687.6071138, "offline-training/critic_loss": 307010.8125, "offline-training/entropy": 1.952765703201294, "offline-training/q": -0.04548956826329231, "offline-training/temperature": 1.0, "offline-training/temperature_loss": 3.452765703201294, "_runtime": 17.015013933181763, "_step": 0, "_wandb": {"runtime": 187}}