{"offline-training/actor_loss": -2.0143935680389404, "_timestamp": 1685490946.679938, "offline-training/critic_loss": 324199.0625, "offline-training/entropy": 1.958487868309021, "offline-training/q": -0.04694625735282898, "offline-training/temperature": 1.0, "offline-training/temperature_loss": 3.4584879875183105, "_runtime": 13.923417091369629, "_step": 0, "_wandb": {"runtime": 1226}}