{"training/return": 147.34567260742188, "_timestamp": 1685838701.842733, "training/length": 8, "training/time": 24.090706, "_runtime": 31.44183087348938, "_step": 7, "_wandb": {"runtime": 49}}