{"offline-training/actor_loss": 50.94051742553711, "_timestamp": 1685753917.6418087, "offline-training/critic_loss": 414.5191650390625, "offline-training/entropy": -10.915596008300781, "offline-training/q": -39.60118103027344, "offline-training/temperature": 1.1435253620147705, "offline-training/temperature_loss": -10.766972541809082, "_runtime": 355.36429476737976, "_step": 2000, "training/actor_loss": 57.09453582763672, "training/critic_loss": 337.7084655761719, "training/entropy": -8.192642211914062, "training/q": -45.60295867919922, "training/temperature": 1.4029074907302856, "training/temperature_loss": -9.389158248901367, "_wandb": {"runtime": 525}}