{"offline-training/actor_loss": -2.0204179286956787, "_timestamp": 1685484879.0346248, "offline-training/critic_loss": 358980.0, "offline-training/entropy": 1.9612822532653809, "offline-training/q": -0.04337935894727707, "offline-training/temperature": 1.0, "offline-training/temperature_loss": 3.461282253265381, "_runtime": 15.067324876785278, "_step": 0, "_wandb": {"runtime": 84}}