{"offline-training/actor_loss": 693.8345947265625, "_timestamp": 1685844880.7274873, "offline-training/critic_loss": 23367.3359375, "offline-training/entropy": -6.444211006164551, "offline-training/q": -594.4224243164062, "offline-training/temperature": 16.3735408782959, "offline-training/temperature_loss": -80.95423889160156, "_runtime": 4461.78710436821, "_step": 20000, "training/return": 14232.25, "training/length": 1070, "training/time": 4190.809022, "training/actor_loss": -665.3453369140625, "training/critic_loss": 8123.3447265625, "training/entropy": 0.998145341873169, "training/q": 647.689208984375, "training/temperature": 5.661593437194824, "training/temperature_loss": 14.14348316192627, "_wandb": {"runtime": 4765}}