{"offline-training/actor_loss": 49.1146240234375, "_timestamp": 1685601123.0886116, "offline-training/critic_loss": 2643806.25, "offline-training/entropy": -43.981231689453125, "offline-training/q": -1.7386705875396729, "offline-training/temperature": 1.0, "offline-training/temperature_loss": -42.481231689453125, "_runtime": 311.7804615497589, "_step": 2000, "training/actor_loss": 2734.86083984375, "training/critic_loss": 101973868544.0, "training/entropy": -48.34941482543945, "training/q": -2805.056884765625, "training/temperature": 1.034888744354248, "training/temperature_loss": -48.48393249511719, "_wandb": {"runtime": 345}}